Workbook

Sheet INIZIO
A1: Scheda PPL + Upper/Lower - low volume 2 set + piano forza panca v3
A2: 5 sedute: Push / Pull / Legs / Upper / Lower. Panca prioritaria 2 volte a settimana; PPL personalizzata sui tuoi esercizi e carichi reali.
A4: Giorno | B4: Seduta | C4: Durata base (min) | D4: Panca A + spinta controllata | E4: Push volutamente sobrio finche la panca e la priorita. | G4: 2. Accessori: volume basso e logbook. I multiarticolari restano circa a RIR 1; gli isolamenti possono arrivare a RIR 0-1 con tecnica pulita.
A5: 1 | B5: PUSH | C5: ='PUSH'!J15 | D5: Dorso / bicipiti - impostazione personale | E5: Pulldown corda, row, high row, pulley, trazioni e bicipiti. | G5: 3. Pull e Legs seguono la struttura che preferisci. Il riscaldamento non conta come serie allenante.
A6: 2 | B6: PULL | C6: ='PULL'!J15 | D6: Quadricipiti + femorali - impostazione personale | E6: Pendulum, pressa, extension e curl. | G6: 4. Manubri inclinata: tenuti come alternativa da reintrodurre dopo il test di panca, non come scelta base durante questo blocco.
A7: 3 | B7: LEGS | C7: ='LEGS'!J15 | D7: Quadricipiti + femorali + polpacci | E7: Giornata a prevalenza quadricipiti. | G7: 5. Settimane 4, 7, 8 e 9: usa gli adattamenti per proteggere la performance in panca.
A8: 4 | B8: RIPOSO | C8: — | D8: Recupero | E8: Camminata/mobilità facoltativa. | G8: 6. Se una seduta si allunga, taglia un isolamento; non accorciare i recuperi della panca.
A9: 5 | B9: UPPER | C9: ='UPPER'!J15 | D9: Panca B + dorso essenziale | E9: Fermo 2 s, recuperi lunghi; poi high row e lat machine. | G9: 5. Se una seduta supera 60 min, taglia prima l’ultimo isolamento, non i fondamentali o la panca.
A10: Settimana attuale | B10: 3 | C10: ='LOWER'!J14 | D10: Catena posteriore + glutei + polpacci | E10: Giornata a prevalenza femorali/glutei.
A11: 7 | B11: RIPOSO | C11: — | D11: Recupero | E11: Riparti poi dal Push.
G12: Attrezzi sfruttati
A13: Voce | B13: Valore selezionato | G13: Matrix: assistenza trazioni/dip, pulley, lat machine, cavo singolo e castello 2 cavi, pec fly/reverse pec deck, chest press, incline chest press plate-loaded, high row, shoulder press, T-bar row, perfect squat, pressa 45° e orizzontale, leg curl/extension, standing leg curl, hip thrust, adductor/abductor, belt squat. Inoltre: manubri, panca piana e multipower.
A14: Fase | B14: =INDEX('Piano 9 settimane'!$B$5:$B$13,$B$10)
A15: Push – top set | B15: =INDEX('Piano 9 settimane'!$D$5:$D$13,$B$10)
A16: Push – back-off | B16: =INDEX('Piano 9 settimane'!$E$5:$E$13,$B$10)
A17: Upper – panca con fermo | B17: =INDEX('Piano 9 settimane'!$H$5:$H$13,$B$10)
A18: RPE obiettivo | B18: =INDEX('Piano 9 settimane'!$J$5:$J$13,$B$10)
A19: Indicazione | B19: =INDEX('Piano 9 settimane'!$M$5:$M$13,$B$10)

Sheet PUSH
A1: PUSH - panca forza + low volume 2 set
A2: Panca A prioritaria. Push volutamente semplice per non togliere recupero alla forza; manubri inclinata rimandati a dopo il ciclo.
A3: Settimana selezionata | B3: =INIZIO!$B$10 | D3: Panca della settimana | E3: =INDEX('Piano 9 settimane'!$D$5:$D$13,INIZIO!$B$10)&" + "&INDEX('Piano 9 settimane'!$E$5:$E$13,INIZIO!$B$10)
A5: # | B5: Esercizio | C5: Attrezzo / setup | D5: Serie | E5: Ripetizioni | F5: RIR | G5: Recupero (s) | H5: Sec/serie | I5: Setup/cambio (s) | J5: Min stimati | K5: Alternativa | L5: Note | M5: Durata fissa (min)
A6: 1 | B6: Preparazione spalle/scapole | C6: Cavo leggero + mobilita | E6: 2-3 min | F6: - | J6: =IF(M6<>"",M6,ROUND((D6*H6+MAX(0,D6-1)*G6+I6)/60,1)) | K6: Se sei gia caldo: 2 min | L6: Solo attivazione; non deve affaticare. | M6: 3
A7: 2 | B7: Panca piana - Protocollo A | C7: Panca piana + bilanciere | E7: 1 singola + 2 back-off | F7: Da piano | J7: =IF(M7<>"",M7,ROUND((D7*H7+MAX(0,D7-1)*G7+I7)/60,1)) | K7: Nessuna | L7: Segui Piano 9 settimane e Protocollo panca. Fermo piu netto sulla singola rispetto a W2. | M7: 16
A8: 3 | B8: Incline chest press | C8: Matrix plate-loaded | D8: 2 | E8: 6-10 | F8: 1 | G8: 150 | H8: 40 | I8: 90 | J8: =IF(M8<>"",M8,ROUND((D8*H8+MAX(0,D8-1)*G8+I8)/60,1)) | K8: Distensioni manubri inclinata (dopo W9) | L8: Riferimento: 50 kg x 8 / 7 / 7. Ora solo 2 set: resta a 50 kg finche non ottieni almeno 9 + 8 pulite.
A9: 4 | B9: Shoulder press pacco pesi | C9: Matrix selectorized | D9: 2 | E9: 6-10 | F9: 1 | G9: 150 | H9: 40 | I9: 75 | J9: =IF(M9<>"",M9,ROUND((D9*H9+MAX(0,D9-1)*G9+I9)/60,1)) | K9: Shoulder press plate-loaded | L9: Riferimento: 77 kg x 10 x 3. Ora 2 set; aumenta solo quando chiudi 10 + 10 pulite.
A10: 5 | B10: Pec fly | C10: Matrix pec fly | D10: 2 | E10: 10-15 | F10: 0-1 | G10: 90 | H10: 45 | I10: 60 | J10: =IF(M10<>"",M10,ROUND((D10*H10+MAX(0,D10-1)*G10+I10)/60,1)) | K10: Croci ai cavi | L10: Riferimento: 134 kg x 15 / 12. Mantieni finche arrivi vicino a 15 + 15.
A11: 6 | B11: Alzate laterali manubri | C11: Manubri | D11: 2 | E11: 12-20 | F11: 0-1 | G11: 75 | H11: 45 | I11: 60 | J11: =IF(M11<>"",M11,ROUND((D11*H11+MAX(0,D11-1)*G11+I11)/60,1)) | K11: Cavo singolo | L11: Riferimento: 10 kg x 17 x 3. Ora 2 set duri e puliti.
A12: 7 | B12: Pushdown tricipiti | C12: Cavo + corda/barra | D12: 2 | E12: 8-12 | F12: 0-1 | G12: 90 | H12: 40 | I12: 60 | J12: =IF(M12<>"",M12,ROUND((D12*H12+MAX(0,D12-1)*G12+I12)/60,1)) | K12: Estensione overhead al cavo | L12: Un solo esercizio diretto tricipiti: evita volume extra mentre la panca e prioritaria.
H15: Totale seduta | I15: min | J15: =ROUND(SUM(J6:J13),1) | K15: Target 30-50 | L15: =IF(AND(J15>=30,J15<=50),"OK","RIVEDERE")
A17: Regola chiave | B17: Panca prima. Negli accessori cerca progressione con 2 set di qualita; niente manubri inclinata nel blocco attuale se ti fanno arrivare stanco alla panca successiva.

Sheet PULL
A1: PULL - tua impostazione low volume
A2: Ordine mantenuto come lo preferisci. Row pesanti con recuperi completi; set finali a massimo tecnico, non ripetizioni sporche.
A3: Settimana selezionata | B3: =INIZIO!$B$10
A5: # | B5: Esercizio | C5: Attrezzo / setup | D5: Serie | E5: Ripetizioni | F5: RIR | G5: Recupero (s) | H5: Sec/serie | I5: Setup/cambio (s) | J5: Min stimati | K5: Alternativa | L5: Note | M5: Durata fissa (min)
A6: 1 | B6: Riscaldamento generale | C6: Scapole/gomiti + serie leggere | E6: 4-5 min | F6: - | J6: =IF(M6<>"",M6,ROUND((D6*H6+MAX(0,D6-1)*G6+I6)/60,1)) | K6: - | L6: Solo preparazione, non conta come volume. | M6: 4
A7: 2 | B7: Pulldown corda | C7: Cavo alto + corda | D7: 2 | E7: 15 | F7: 1 | G7: 90 | H7: 45 | I7: 60 | J7: =IF(M7<>"",M7,ROUND((D7*H7+MAX(0,D7-1)*G7+I7)/60,1)) | K7: Pulldown braccia tese | L7: Tensione continua; non trasformarlo in un esercizio di braccia.
A8: 3 | B8: T-bar row machine pacco pesi | C8: Matrix selectorized | D8: 2 | E8: 6-10 | F8: 1 | G8: 180 | H8: 40 | I8: 90 | J8: =IF(M8<>"",M8,ROUND((D8*H8+MAX(0,D8-1)*G8+I8)/60,1)) | K8: T-bar plate-loaded | L8: 3 min pieni. Aumenta solo quando entrambe le serie sono nella parte alta del range.
A9: 4 | B9: High row machine | C9: Matrix high row | D9: 2 | E9: 6-10 | F9: 1 | G9: 180 | H9: 40 | I9: 90 | J9: =IF(M9<>"",M9,ROUND((D9*H9+MAX(0,D9-1)*G9+I9)/60,1)) | K9: High row plate-loaded | L9: Riferimento Upper: 60 kg x 10 / 7. Mantieni 60 finche la seconda sale almeno a 8 con 3 min pieni.
A10: 5 | B10: Pulley | C10: Matrix + presa preferita | D10: 2 | E10: 10 | F10: 1 | G10: 150 | H10: 40 | I10: 60 | J10: =IF(M10<>"",M10,ROUND((D10*H10+MAX(0,D10-1)*G10+I10)/60,1)) | K10: Presa stretta | L10: Due serie da 10 pulite; se la seconda crolla, non aumentare il carico.
A11: 6 | B11: Trazioni assistite | C11: Matrix assistenza trazioni | D11: 1 | E11: MAX tecnico | F11: 0-1 | G11: 150 | H11: 45 | I11: 60 | J11: =IF(M11<>"",M11,ROUND((D11*H11+MAX(0,D11-1)*G11+I11)/60,1)) | K11: Lat machine | L11: Una sola serie finale: fermati quando perdi ROM o controllo scapolare.
A12: 7 | B12: Curl manubrio singolo alla Scott al contrario | C12: Panca Scott + manubrio | D12: 2 | E12: 6 | F12: 0-1 | G12: 120 | H12: 40 | I12: 60 | J12: =IF(M12<>"",M12,ROUND((D12*H12+MAX(0,D12-1)*G12+I12)/60,1)) | K12: Curl Scott unilaterale | L12: Due serie pesanti da 6 per lato, senza slancio.
A13: 8 | B13: Hammer curl al cavo | C13: Cavo + corda | D13: 1 | E13: MAX tecnico | F13: 0-1 | G13: 90 | H13: 45 | I13: 45 | J13: =IF(M13<>"",M13,ROUND((D13*H13+MAX(0,D13-1)*G13+I13)/60,1)) | K13: Hammer manubri | L13: Una serie finale a massimo tecnico.
H15: Totale seduta | I15: min | J15: =ROUND(SUM(J6:J13),1) | K15: Target 30-50 | L15: =IF(AND(J15>=30,J15<=50),"OK","RIVEDERE")
A17: Regola chiave | B17: Struttura personale mantenuta: 2 set sui movimenti principali, 1 set finale sulle trazioni assistite e hammer. Recupera 3 min sui row.

Sheet LEGS
A1: LEGS - tua impostazione low volume
A2: Quad focus come lo preferisci: Pendulum + pressa + extension, poi femorali. Terza extension solo opzionale quando recupero e panca sono buoni.
A3: Settimana selezionata | B3: =INIZIO!$B$10
A5: # | B5: Esercizio | C5: Attrezzo / setup | D5: Serie | E5: Ripetizioni | F5: RIR | G5: Recupero (s) | H5: Sec/serie | I5: Setup/cambio (s) | J5: Min stimati | K5: Alternativa | L5: Note | M5: Durata fissa (min)
A6: 1 | B6: Riscaldamento generale | C6: Anche/caviglie + serie leggere | E6: 5 min | F6: - | J6: =IF(M6<>"",M6,ROUND((D6*H6+MAX(0,D6-1)*G6+I6)/60,1)) | K6: - | L6: Avvicinamento progressivo al Pendulum. | M6: 5
A7: 2 | B7: Pendulum squat | C7: Pendulum squat | D7: 2 | E7: 8 | F7: 1 | G7: 180 | H7: 50 | I7: 120 | J7: =IF(M7<>"",M7,ROUND((D7*H7+MAX(0,D7-1)*G7+I7)/60,1)) | K7: Perfect squat / belt squat | L7: 2 x 8. Quando entrambe sono solide con margine tecnico, aumenta il carico.
A8: 3 | B8: Pressa 45 gradi carico dischi | C8: Pressa 45 gradi plate-loaded | D8: 2 | E8: 12 | F8: 1 | G8: 180 | H8: 55 | I8: 90 | J8: =IF(M8<>"",M8,ROUND((D8*H8+MAX(0,D8-1)*G8+I8)/60,1)) | K8: Pressa orizzontale | L8: 2 x 12, bacino stabile e ROM costante.
A9: 4 | B9: Leg extension massima inclinazione | C9: Leg extension inclinabile | D9: 2 | E9: 12 | F9: 0-1 | G9: 90 | H9: 45 | I9: 60 | J9: =IF(M9<>"",M9,ROUND((D9*H9+MAX(0,D9-1)*G9+I9)/60,1)) | K9: Leg extension pacco pesi | L9: 2 set base. Terza serie opzionale solo se sei fresco; niente terza in W4/W7/W8/W9.
A10: 5 | B10: Leg curl carico dischi | C10: Leg curl plate-loaded | D10: 2 | E10: 10 | F10: 0-1 | G10: 120 | H10: 45 | I10: 60 | J10: =IF(M10<>"",M10,ROUND((D10*H10+MAX(0,D10-1)*G10+I10)/60,1)) | K10: Leg curl pacco pesi | L10: 2 x 10 controllate, allungamento pieno.
A11: 6 | B11: Standing leg curl | C11: Matrix standing leg curl | D11: 1 | E11: 15 / lato | F11: 0-1 | G11: 75 | H11: 45 | I11: 60 | J11: =IF(M11<>"",M11,ROUND((D11*H11+MAX(0,D11-1)*G11+I11)/60,1)) | K11: Leg curl unilaterale | L11: Una serie per lato, tecnica pulita.
A12: 7 | B12: Abductor | C12: Matrix abductor | D12: 1 | E12: 20 | F12: 0-1 | G12: 60 | H12: 45 | I12: 45 | J12: =IF(M12<>"",M12,ROUND((D12*H12+MAX(0,D12-1)*G12+I12)/60,1)) | K12: - | L12: Una serie da 20 controllata.
H15: Totale seduta | I15: min | J15: =ROUND(SUM(J6:J13),1) | K15: Target 25-45 | L15: =IF(AND(J15>=25,J15<=45),"OK","RIVEDERE")
A17: Regola chiave | B17: Mantieni questa struttura finche progredisci. La terza serie di leg extension e un bonus, non un obbligo.

Sheet UPPER
A1: UPPER - panca B + dorso essenziale
A2: Panca B con fermo reale 2 s e recuperi lunghi. Poi solo lavoro utile: high row, lat machine e due isolamenti leggeri per le spalle.
A3: Settimana selezionata | B3: =INIZIO!$B$10 | D3: Panca della settimana | E3: =INDEX('Piano 9 settimane'!$H$5:$H$13,INIZIO!$B$10)
A5: # | B5: Esercizio | C5: Attrezzo / setup | D5: Serie | E5: Ripetizioni | F5: RIR | G5: Recupero (s) | H5: Sec/serie | I5: Setup/cambio (s) | J5: Min stimati | K5: Alternativa | L5: Note | M5: Durata fissa (min)
A6: 1 | B6: Preparazione spalle/scapole | C6: Cavo leggero + mobilita | E6: 2-3 min | F6: - | J6: =IF(M6<>"",M6,ROUND((D6*H6+MAX(0,D6-1)*G6+I6)/60,1)) | K6: - | L6: Solo attivazione; non affaticante. | M6: 3
A7: 2 | B7: Panca piana - Protocollo B | C7: Panca piana + bilanciere | E7: 2 serie con fermo 2 s | F7: Da piano | J7: =IF(M7<>"",M7,ROUND((D7*H7+MAX(0,D7-1)*G7+I7)/60,1)) | K7: Nessuna | L7: W3: 115 kg 2 x 4. Recupero 4:00 pieno; anche 5:00 se la prima serie e piu dura del previsto. | M7: 16
A8: 3 | B8: High row | C8: Matrix high row | D8: 2 | E8: 6-10 | F8: 1 | G8: 180 | H8: 40 | I8: 90 | J8: =IF(M8<>"",M8,ROUND((D8*H8+MAX(0,D8-1)*G8+I8)/60,1)) | K8: T-bar row | L8: Riferimento: 60 kg x 10 / 7. Mantieni 60 e cerca almeno 10 / 8 con 3 min pieni.
A9: 4 | B9: Lat machine - top + back-off | C9: Matrix lat machine | D9: 2 | E9: Top 6-9 / back-off 8-12 | F9: 1 | G9: 180 | H9: 40 | I9: 60 | J9: =IF(M9<>"",M9,ROUND((D9*H9+MAX(0,D9-1)*G9+I9)/60,1)) | K9: Trazioni assistite | L9: Riferimento: 95 x 8; poi 86 x 7 / 9. Nuovo schema: S1 95 kg 6-9, S2 86 kg 8-12, 3 min.
A10: 5 | B10: Reverse pec deck | C10: Matrix | D10: 2 | E10: 12-20 | F10: 0-1 | G10: 75 | H10: 45 | I10: 45 | J10: =IF(M10<>"",M10,ROUND((D10*H10+MAX(0,D10-1)*G10+I10)/60,1)) | K10: Croci inverse ai cavi | L10: Deltoidi posteriori, controllo completo.
A11: 6 | B11: Alzate laterali | C11: Cavo singolo o manubri | D11: 2 | E11: 12-20 | F11: 0-1 | G11: 75 | H11: 45 | I11: 60 | J11: =IF(M11<>"",M11,ROUND((D11*H11+MAX(0,D11-1)*G11+I11)/60,1)) | K11: Manubri / cavo | L11: Volume leggero; se senti fatica sulla panca successiva, questo e il primo esercizio da tagliare.
H15: Totale seduta | I15: min | J15: =ROUND(SUM(J6:J14),1) | K15: Target 30-45 | L15: =IF(AND(J15>=30,J15<=45),"OK","RIVEDERE")
A17: Regola chiave | B17: Upper volutamente compatto: la panca B deve migliorare, non diventare il preludio a un secondo Push.

Sheet LOWER
A1: LOWER - catena posteriore low volume
A2: Completa la settimana senza duplicare il quad focus del Legs. Mantieni 2 set e niente cedimento sui multiarticolari.
A3: Settimana selezionata | B3: =INIZIO!$B$10
A5: # | B5: Esercizio | C5: Attrezzo / setup | D5: Serie | E5: Ripetizioni | F5: RIR | G5: Recupero (s) | H5: Sec/serie | I5: Setup/cambio (s) | J5: Min stimati | K5: Alternativa | L5: Note | M5: Durata fissa (min)
A6: 1 | B6: Riscaldamento generale | C6: Mobilità anche + serie leggere | E6: 5 min | F6: — | J6: =IF(M6<>"",M6,ROUND((D6*H6+MAX(0,D6-1)*G6+I6)/60,1)) | K6: — | L6: Avvicinamento progressivo al primo esercizio. | M6: 5
A7: 2 | B7: Romanian deadlift | C7: Multipower | D7: 2 | E7: 6–10 | F7: 1–2 | G7: 150 | H7: 45 | I7: 120 | J7: =IF(M7<>"",M7,ROUND((D7*H7+MAX(0,D7-1)*G7+I7)/60,1)) | K7: Manubri | L7: Schiena neutra e tibie quasi verticali; niente cedimento.
A8: 3 | B8: Hip thrust machine | C8: Matrix hip thrust | D8: 2 | E8: 6–10 | F8: 1 | G8: 120 | H8: 45 | I8: 90 | J8: =IF(M8<>"",M8,ROUND((D8*H8+MAX(0,D8-1)*G8+I8)/60,1)) | K8: Multipower hip thrust | L8: Pausa 1 s in massima estensione.
A9: 4 | B9: Standing leg curl | C9: Matrix standing leg curl | D9: 2 | E9: 10–15 / lato | F9: 0–1 | G9: 75 | H9: 45 | I9: 60 | J9: =IF(M9<>"",M9,ROUND((D9*H9+MAX(0,D9-1)*G9+I9)/60,1)) | K9: Leg curl pacco pesi | L9: Bacino stabile; conta 2 serie per lato.
A10: 5 | B10: Belt squat | C10: Matrix belt squat | D10: 2 | E10: 8–12 | F10: 1–2 | G10: 120 | H10: 45 | I10: 90 | J10: =IF(M10<>"",M10,ROUND((D10*H10+MAX(0,D10-1)*G10+I10)/60,1)) | K10: Perfect squat | L10: Richiamo quad/glutei senza caricare la schiena.
A11: 6 | B11: Abductor | C11: Matrix abductor | D11: 2 | E11: 15–25 | F11: 0–1 | G11: 60 | H11: 45 | I11: 45 | J11: =IF(M11<>"",M11,ROUND((D11*H11+MAX(0,D11-1)*G11+I11)/60,1)) | K11: — | L11: Controlla il ritorno.
A12: 7 | B12: Calf raise | C12: Multipower | D12: 2 | E12: 8–12 | F12: 0–1 | G12: 60 | H12: 40 | I12: 60 | J12: =IF(M12<>"",M12,ROUND((D12*H12+MAX(0,D12-1)*G12+I12)/60,1)) | K12: Pressa orizzontale | L12: ROM completo e pausa.
H14: Totale seduta | I14: min | J14: =ROUND(SUM(J6:J12),1) | K14: Target 25–45 | L14: =IF(AND(J14>=25,J14<=45),"OK","RIVEDERE")
A16: Regola chiave | B16: Due sole serie allenanti per accessorio: qualità alta, logbook e progressione. Multiarticolari mai a cedimento tecnico; seconda serie degli isolamenti a RIR 0–1 solo se recupero e tecnica sono buoni.

Sheet Adattamenti
A1: Adattamenti sulle 9 settimane
A2: Come modificare gli accessori per far convivere la PPL + Upper/Lower con il ciclo panca.
A4: Settimana | B4: Fase | C4: Panca Push | D4: Panca Upper | E4: Push / Upper accessori | F4: Pull / Legs / Lower | G4: Obiettivo | H4: Nota pratica
A5: 1 | B5: ='Piano 9 settimane'!B5 | C5: ='Piano 9 settimane'!D5&" | "&'Piano 9 settimane'!E5 | D5: ='Piano 9 settimane'!H5 | E5: Storico – come eseguito | F5: Storico – come eseguito | G5: Costruire margine | H5: Settimana già svolta.
A6: 2 | B6: ='Piano 9 settimane'!B6 | C6: ='Piano 9 settimane'!D6&" | "&'Piano 9 settimane'!E6 | D6: ='Piano 9 settimane'!H6 | E6: Storico – come eseguito | F6: Storico – come eseguito | G6: Feedback | H6: A: 137,5 circa RPE 7 con fermo corto. B: 115 kg 4/4/3; prime 2 buone, recupero/setting da migliorare.
A7: 3 | B7: ='Piano 9 settimane'!B7 | C7: ='Piano 9 settimane'!D7&" | "&'Piano 9 settimane'!E7 | D7: ='Piano 9 settimane'!H7 | E7: Push base 2 set; niente manubri inclinata. Upper compatto. | F7: Pull/Legs come struttura personale; 2 set base. | G7: Consolidare | H7: Panca B: 115 kg 2 x 4 con 4 min pieni. High row 3 min.
A8: 4 | B8: ='Piano 9 settimane'!B8 | C8: ='Piano 9 settimane'!D8&" | "&'Piano 9 settimane'!E8 | D8: ='Piano 9 settimane'!H8 | E8: 1 set incline/shoulder/tricipiti; isolamenti 1-2 set a RIR 3 | F8: 2 set a RIR 2–3; se stanco 1 set sul primo multi | G8: Dissipare fatica | H8: Leg extension: niente terza serie opzionale.
A9: 5 | B9: ='Piano 9 settimane'!B9 | C9: ='Piano 9 settimane'!D9&" | "&'Piano 9 settimane'!E9 | D9: ='Piano 9 settimane'!H9 | E9: Torna a 2 serie base | F9: 2 serie base | G9: Ripartenza | H9: Riprendi il logbook senza recuperare volume perso.
A10: 6 | B10: ='Piano 9 settimane'!B10 | C10: ='Piano 9 settimane'!D10&" | "&'Piano 9 settimane'!E10 | D10: ='Piano 9 settimane'!H10 | E10: 2 serie base; niente grinder | F10: 2 serie base | G10: Intensificazione | H10: La panca ha priorità su qualsiasi PR accessorio.
A11: 7 | B11: ='Piano 9 settimane'!B11 | C11: ='Piano 9 settimane'!D11&" | "&'Piano 9 settimane'!E11 | D11: ='Piano 9 settimane'!H11 | E11: 1 set incline/shoulder/tricipiti; Upper laterali opzionali | F11: 2 serie base | G11: Proteggere il picco | H11: Niente terza leg extension; proteggi il picco.
A12: 8 | B12: ='Piano 9 settimane'!B12 | C12: ='Piano 9 settimane'!D12&" | "&'Piano 9 settimane'!E12 | D12: ='Piano 9 settimane'!H12 | E12: 1 set press/tricipiti; resto RIR 3 | F12: 2 set RIR 2–3 | G12: Arrivare freschi | H12: Niente terza leg extension; niente PR accessori.
A13: 9 | B13: ='Piano 9 settimane'!B13 | C13: ='Piano 9 settimane'!D13&" | "&'Piano 9 settimane'!E13 | D13: ='Piano 9 settimane'!H13 | E13: Dopo il test: 0-1 set accessori di spinta | F13: Upper: B sospesa; dorso/braccia 2 set RIR 2–3 | G13: Massima espressione | H13: Se il test e tassante, chiudi Push dopo la panca.

Sheet Progressione
A1: Progressione accessori - metodo 2 set / logbook v3
A2: Pochi set, recuperi sufficienti e progressione registrata. I carichi reali delle prime sedute sono usati come riferimenti, non come obblighi.
A3: Tipo | B3: Serie 1 | C3: Serie 2 | D3: Quando aumentare | E3: RIR | F3: Recupero | G3: Se la S2 crolla | H3: Nota
A4: Press / row / squat machine | B4: Range indicato, carico stabile | C4: Stesso carico; -5–10% solo se serve | D4: Quando entrambe le serie toccano il limite alto con tecnica pulita | E4: S1 1–2 / S2 1–2 | F4: 2:30-3:00 sui multi pesanti | G4: Se perde >2–3 reps, mantieni il carico | H4: Niente cedimento tecnico sui multiarticolari.
A5: Isolamenti | B5: Range indicato | C5: Stesso carico o piccolo back-off | D5: Quando entrambe le serie arrivano in alto al range | E5: S1 1 / S2 0–1 | F5: 60–90 s | G5: Mantieni carico e prova +1 rep | H5: Cedimento solo tecnico, non ripetizioni sporche.
A6: Panca A | B6: Singola tecnica | C6: 2 back-off da piano | D6: Solo secondo il piano panca | E6: RPE da piano | F6: 3–4 min | G6: Riduci 2,5–5 kg se la singola supera RPE 8,5 | H6: Priorità assoluta della seduta.
A7: Panca B | B7: 2 set con fermo reale 2 s | C7: — | D7: Aumenta solo dopo 2 set completati e ultima <= RPE 8,5 | E7: RPE 7–8,5 | F7: 4 min (5 se necessario) | G7: Ripeti il carico o migliora recupero/setting prima di scalare | H7: Il 115 x 4/4/3 di W2 e compatibile con recupero troppo corto: le prime 2 serie erano buone.
A8: Logbook | B8: Segna kg/reps/RIR | C8: Confronta con seduta precedente | D8: Cerca una sola piccola progressione alla volta | E8: — | F8: — | G8: Niente aumento automatico | H8: Qualità > quantità.
A9: Ordine di taglio | B9: 1) isolamento opzionale | C9: 2) un accessorio braccia/spalle | D9: Mai tagliare panca o recuperi pesanti | E9: — | F9: — | G9: — | H9: Nelle settimane 7–9 proteggi la freschezza.
A10: Sicurezza | B10: Spotter / safety bars sulle singole | C10: Stop con dolore o perdita di controllo | D10: — | E10: — | F10: — | G10: — | H10: Non forzare una rep assistita dentro la progressione.
A11: Nota pratica | B11: Se la seconda serie perde oltre 2–3 ripetizioni rispetto alla prima, non aumentare il carico: migliora prima qualità e recupero.

Sheet Piano 9 settimane
A1: Piano forza panca - 9 settimane, ricalibrato su feedback W2
A2: W2: 137,5 kg x 1 circa RPE 7 con fermo corto; B 115 kg = 4 / 4 / 3 con fermo 2 s e recupero probabilmente troppo breve. W3 consolida tecnica e recuperi.
A4: Settimana | B4: Fase | C4: Seduta A | D4: Top set A | E4: Back-off A | F4: Recupero A | G4: Seduta B | H4: Lavoro B | I4: Recupero B | J4: RPE obiettivo | K4: Tempo stimato | L4: Priorità | M4: Indicazioni
A5: 1 | B5: Accumulo (fatta) | C5: Push – pesante | D5: 135 kg × 1 | E5: 120 kg – 2×3 | F5: 2:00 | G5: Upper – fermo 2 s | H5: 112,5 kg – 3×4 | I5: 1:30 | J5: 7–8 | K5: storico | L5: A + B | M5: Settimana già svolta.
A6: 2 | B6: Accumulo (fatta) | C6: Push – pesante | D6: 137,5 kg × 1 | E6: 122,5 kg – 2×3 | F6: 2:00 | G6: Upper – fermo 2 s | H6: 115 kg – 3×4 (fatto 4/4/3) | I6: 1:30 | J6: 7–8 | K6: storico | L6: A + B | M6: A: 137,5 x 1 circa RPE 7, ma fermo corto. B: 115 x 4/4/3 con fermo 2 s; prime 2 serie buone, terza probabilmente penalizzata da recupero/setting.
A7: 3 | B7: Ricalibrazione | C7: Push – pesante | D7: 140 kg x 1 | E7: 125 kg - 2x3 | F7: 4:00 | G7: Upper – fermo 2 s | H7: 115 kg - 2x4 | I7: 4:00 | J7: 7-8 | K7: 16-20 min | L7: A + B | M7: W3: fermo piu netto sulla singola. B: 4 min pieni; 5 min se la prima serie e insolitamente dura.
A8: 4 | B8: Scarico | C8: Push – facile | D8: 132,5 kg x 1 | E8: 112,5 kg - 2x3 | F8: 3:00 | G8: Upper – fermo 2 s | H8: 105 kg - 2x4 | I8: 3:00 | J8: 6-7 | K8: 13-16 min | L8: A + B | M8: Scarico tecnico: setup identico, molta riserva.
A9: 5 | B9: Intensificazione | C9: Push – pesante | D9: 142,5 kg x 1* | E9: 125 kg - 2x3 | F9: 4:00 | G9: Upper – fermo 2 s | H9: 117,5 kg - 2x4 | I9: 4:00 | J9: 7,5-8,5 | K9: 16-20 min | L9: A + B | M9: *Usa 142,5 solo se W3 140 e <=RPE 7,5; altrimenti ripeti 140. B sale solo se W3 e pulita.
A10: 6 | B10: Intensificazione | C10: Push – pesante | D10: 145 kg x 1* | E10: 127,5 kg - 2x3 | F10: 4:00 | G10: Upper – fermo 2 s | H10: 120 kg - 2x3 | I10: 4:00 | J10: 8-8,5 | K10: 16-20 min | L10: A + B | M10: *145 solo se la singola W5 resta <=RPE 8; altrimenti 142,5. Nessun grind nei back-off.
A11: 7 | B11: Picco | C11: Push – pesante | D11: 145-147,5 kg x 1 | E11: 130 kg - 2x2 | F11: 4:00-5:00 | G11: Upper – fermo 2 s | H11: 122,5 kg - 2x2 | I11: 4:00 | J11: 8-8,5 | K11: 17-21 min | L11: A + B | M11: 147,5 solo con 145 veloce e fermo chiaro. B breve, tecnica e recupero pieno.
A12: 8 | B12: Taper | C12: Push – facile | D12: 137,5 kg x 1 | E12: 117,5 kg - 2x2 | F12: 3:30 | G12: Upper – fermo 2 s | H12: 110 kg - 2x3 | I12: 3:30 | J12: 6-7 | K12: 14-17 min | L12: A + B | M12: Niente cedimento; riduci gli accessori di spinta.
A13: 9 | B13: Test | C13: Push – test | D13: 145 kg x 1; poi 150 kg x 1 | E13: Nessuno | F13: 5:00 | G13: Upper | H13: Panca sospesa | I13: - | J13: 9-10 | K13: 20-25 min* | L13: Solo A | M13: Se 150 e pulito e <=RPE 8,5, 152,5 e opzionale. Safety bars/spotter obbligatori sulle prove massimali.
A15: Regole di autoregolazione
A16: 1. La singola A deve restare tecnica: se supera RPE 8,5 o perdi traiettoria, riduci 2,5–5 kg e non inseguire il numero.
A17: 2. Seduta B: fermo reale di 2 secondi. Parti con 4 min tra le serie; se la prima e piu dura del previsto puoi usare 5 min. Prima di ridurre il carico, verifica setting e riscaldamento.
A18: 3. Recuperi panca: 4 min come standard nei lavori pesanti; 3 min nello scarico, 5 min sulle prove/test se serve. Il cronometro non deve limitare la tecnica.
A19: 4. Dopo la panca gli accessori restano a 2 serie. Multiarticolari RIR 1–2; isolamenti seconda serie RIR 0–1 solo se non compromette la panca successiva.
A20: 5. Dolore articolare, perdita di controllo o necessità di assistenza = interrompi la progressione. Usa spotter o safety bars sulle singole pesanti.
A21: *Il test non ha un limite di 10 minuti: privilegia preparazione e recuperi completi.

Sheet Protocollo panca
A1: Protocollo panca - setting e recuperi completi v3
A3: Seduta A - Push: singola tecnica + 2 back-off
A4: Sequenza | B4: Serie | C4: Carico indicativo | D4: Ripetizioni | E4: Recupero | F4: Nota
A5: 1 | B5: Riscaldamento 1 | C5: Bilanciere | D5: 10-15 | E5: 45-60 s | F5: Setup completo gia dalla prima serie
A6: 2 | B6: Riscaldamento 2 | C6: 60 kg | D6: 5 | E6: 60 s | F6: Fluido
A7: 3 | B7: Riscaldamento 3 | C7: 90 kg | D7: 3 | E7: 75-90 s | F7: Fermo breve e traiettoria identica
A8: 4 | B8: Riscaldamento 4 | C8: 110 kg | D8: 1 | E8: 90-120 s | F8: Fermo chiaro; nessuna fretta
A9: 5 | B9: Riscaldamento 5 | C9: 125 kg | D9: 1 | E9: 2:00 | F9: Solo se il top e >=140 kg; deve essere facile
A10: 6 | B10: Top set | C10: Da tabella | D10: 1 | E10: 4:00 | F10: Fermo regolamentare/chiaro; RPE target da piano, nessun grind
A11: 7 | B11: Back-off 1 | C11: Da tabella | D11: 2-3 | E11: 4:00 | F11: Esecuzione identica alla panca da gara
A12: 8 | B12: Back-off 2 | C12: Da tabella | D12: 2-3 | E12: Fine | F12: Chiudi con margine tecnico
A14: Seduta B - Upper: 2 serie con fermo reale di 2 s
A15: Sequenza | B15: Serie | C15: Carico indicativo | D15: Ripetizioni | E15: Recupero | F15: Nota
A16: 1 | B16: Riscaldamento 1 | C16: Bilanciere | D16: 10-15 | E16: 45-60 s | F16: Prendi subito arco, scapole e piedi
A17: 2 | B17: Riscaldamento 2 | C17: 60 kg | D17: 5 | E17: 60 s | F17: Fluido
A18: 3 | B18: Riscaldamento 3 | C18: 80 kg | D18: 3 | E18: 75-90 s | F18: Inizia a replicare il setting da lavoro
A19: 4 | B19: Riscaldamento 4 | C19: 95 kg | D19: 2 | E19: 90-120 s | F19: Fermo 1-2 s
A20: 5 | B20: Riscaldamento 5 | C20: 105 kg | D20: 1 | E20: 2:00 | F20: Fermo pieno 2 s; deve essere facile
A21: 6 | B21: Serie 1 | C21: Da tabella | D21: 2-4 | E21: 4:00 | F21: Fermo 2 s, traiettoria pulita e setup identico
A22: 7 | B22: Serie 2 | C22: Da tabella | D22: 2-4 | E22: Fine | F22: Se S1 e insolitamente dura, usa fino a 5 min prima di S2
A23: Nota: il 4/4/3 a 115 kg non viene trattato come fallimento di forza: prima correggiamo recupero, riscaldamento e setting. Fermati in caso di dolore o perdita di controllo.

Sheet Registro
A1: Registro esecuzione e RPE
A2: Compila solo i campi blu. Non aumentare i carichi se l’RPE reale supera il limite indicato nel piano.
A4: Settimana | B4: Seduta | C4: Data | D4: Carico top (kg) | E4: RPE top | F4: Back-off / volume | G4: RPE ultima serie | H4: Completato | I4: Dolore 0–10 | J4: Sonno 1–5 | K4: Note tecniche | L4: Decisione prossima volta
A5: 1 | B5: A
A6: 1 | B6: B
A7: 2 | B7: A | D7: 137.5 | E7: 7 | H7: Si | K7: Singola tranquilla; fermo corto rispetto al target. | L7: W3: 140 kg x 1 con fermo piu chiaro. Se <=RPE 7,5, W5 puo salire a 142,5.
A8: 2 | B8: B | F8: 115 kg - 4 / 4 / 3 (fermo 2 s) | H8: Parziale (11/12) | K8: Prime 2 serie buone. Terza chiusa a 3; probabile recupero troppo corto e/o setting/riscaldamento migliorabile. | L8: W3: 115 kg 2 x 4, 4 min pieni tra le serie; warm-up 60/80/95/105 con setting progressivo.
A9: 3 | B9: A
A10: 3 | B10: B
A11: 4 | B11: A
A12: 4 | B12: B
A13: 5 | B13: A
A14: 5 | B14: B
A15: 6 | B15: A
A16: 6 | B16: B
A17: 7 | B17: A
A18: 7 | B18: B
A19: 8 | B19: A
A20: 8 | B20: B
A21: 9 | B21: A
